id,location_folder,location_file
1338,GaitherHomecoming,TGHH_BEST_OF_THE_BOOTH_BROTHERS
2828,GaitherHomecoming,TGHH_LYNDA_RANDLE_HOMECOMING
,CurtLandry,CLM01-48
,CurtLandry,CLM01-49
,CurtLandry,CLM01-50
,CurtLandry,CLM01-51
,CurtLandry,CLM01-52
,CrefloDollar/2019.01,CDM_CD0119_28
,CrefloDollar/2019.01,CDM_CD0119_29
,CrefloDollar/2019.01,CDM_CD0119_30
,CrefloDollar/2019.01,CDM_CD0119_31
,CrefloDollar/2019.02,CDM_CD0219_01
6124,GaitherHomecoming,TGHH_STEVEN_CURTIS_CHAPMAN
,CrefloDollar/2019.11,CDM_CW1119_03
8017,GaitherHomecoming,TGHH_GVB_REUNION_VOL_1
,CrefloDollar/2019.11,CDM_CW1119_10
,JoyceMeyer/2019.11,JMMEEL_1367_CAN_1_11252019cc_Legalized
,JoyceMeyer/2019.11,JMMEEL_1367_CAN_2_11262019cc_Legalized
,CrefloDollar/2020/2020.02,CDM_CW0220_16
,CrefloDollar/2020/2020.02,CDM_CW0220_23
,CrefloDollar/2020/2020.03,CDM_CW0320_01
,CrefloDollar/2020/2020.03,CDM_CW0320_08
,CrefloDollar/2020/2020.03,CDM_CW0320_29
,CrefloDollar/2020/2020.04,CDM_CD0420_20
,CrefloDollar/2020/2020.07,CDM_CW0720_05
,CrefloDollar/2020/2020.07,CDM_CW0720_12
,CrefloDollar/2020/2020.07,CDM_CW0720_19
,CrefloDollar/2020/2020.07,CDM_CW0720_26
,CrefloDollar/2020/2020.08,CDM_CD0820_03
,CrefloDollar/2020/2020.08,CDM_CD0820_04
,CrefloDollar/2020/2020.08,CDM_CW0820_02
,CrefloDollar/2019.08,CDM_CW0819_04
,CrefloDollar/2019.08,CDM_CW0819_11
,CrefloDollar/2019.08,CDM_CW0819_18
,CrefloDollar/2019.08,CDM_CW0819_25
,CrefloDollar/2019.09,CDM_CW0919_01
,CrefloDollar/2019.09,CDM_CW0919_08
,CrefloDollar/2019.04,CDM_CD0419_01
,CrefloDollar/2019.04,CDM_CD0419_02
,CrefloDollar/2019.04,CDM_CD0419_03
,CrefloDollar/2019.04,CDM_CD0419_04
,CrefloDollar/2019.04,CDM_CD0419_05
,CrefloDollar/2019.04,CDM_CD0419_08
,CrefloDollar/2020/2020.08,CDM_CD0820_05
,CrefloDollar/2020/2020.08,CDM_CD0820_06
,CrefloDollar/2020/2020.08,CDM_CD0820_07
,CrefloDollar/2020/2020.08,CDM_CD0820_10
,CrefloDollar/2020/2020.08,CDM_CD0820_11
,CrefloDollar/2020/2020.08,CDM_CW0820_09
,JoyceMeyer/2020/2020.08,JMMEEL_1405_CAN_1_08172020cc_Legalized
,JoyceMeyer/2020/2020.08,JMMEEL_1405_CAN_2_08182020cc_Legalized
,CrefloDollar/2020/2020.08,CDM_CW0820_16
,CrefloDollar/2020/2020.08,CDM_CW0820_23
,CrefloDollar/2020/2020.08,CDM_CW0820_30
,CrefloDollar/2020/2020.09,CDM_CW0920_06
,JoyceMeyer,JMMEEL_1296_CAN_1_07162018cc_Legalized
,JoyceMeyer,JMMEEL_1296_CAN_2_07172018cc_Legalized
,JoyceMeyer,JMMEEL_1296_CAN_4_07192018cc_Legalized
,JoyceMeyer,JMMEEL_1296_CAN_5_07202018cc_Legalized
,JoyceMeyer/2020/2020.03,JMMEEL_1385_CAN_1_03302020cc_Legalized
,JoyceMeyer/2020/2020.03,JMMEEL_1385_CAN_2_03312020cc_Legalized
,JoyceMeyer/2020/2020.04,JMMEEL_1385_CAN_3_04012020cc_Legalized
,JoyceMeyer/2020/2020.04,JMMEEL_1385_CAN_4_04022020cc_Legalized
,JoyceMeyer/2020/2020.04,JMMEEL_1385_CAN_5_04032020cc_Legalized
,JoyceMeyer/2018.12,JMMEEL_1319_CAN_2_12252018cc_Legalized
,JoyceMeyer/2018.09,JMMEEL_1303_CAN_1_09032018cc_Legalized
,JoyceMeyer/2018.09,JMMEEL_1303_CAN_2_09042018cc_Legalized
,JoyceMeyer/2018.09,JMMEEL_1304_CAN_4_09132018cc_Legalized
,JoyceMeyer/2018.09,JMMEEL_1304_CAN_5_09142018cc_Legalized
,JoyceMeyer,JMMEEL_1288_CAN_5_05252018cc_Legalized
,JoyceMeyer/2018.08,JMMEEL_1300_CAN_5_08172018cc_Legalized
,JoyceMeyer/2018.09,JMMEEL_1306_CAN_1_09242018cc_Legalized
,JoyceMeyer/2018.09,JMMEEL_1306_CAN_2_09252018cc_Legalized
,JoyceMeyer/2018.11,JMMEEL_1313_CAN_3_11142018cc_Legalized
,JoyceMeyer/2018.11,JMMEEL_1313_CAN_4_11152018cc_Legalized
,JoyceMeyer/2019.03,JMMEEL_1332_CAN_3_03272019cc_Legalized
,CrefloDollar/2020/2020.09,CDM_CD0920_30
,CrefloDollar/2020/2020.10,CDM_CD1020_01
,CrefloDollar/2020/2020.10,CDM_CW1020_04
,CrefloDollar/2020/2020.10,CDM_CD1020_02
,CrefloDollar/2020/2020.10,CDM_CD1020_05
,CrefloDollar/2020/2020.10,CDM_CD1020_06
,CrefloDollar/2020/2020.10,CDM_CD1020_07
,CrefloDollar/2020/2020.10,CDM_CW1020_11
11464,GaitherHomecoming,TGHH_GVB_REUNITED_LIVE_2020
,CrefloDollar/2020/2020.10,CDM_CD1020_08
,CrefloDollar/2020/2020.10,CDM_CD1020_09
,CrefloDollar/2020/2020.10,CDM_CD1020_12
,CrefloDollar/2020/2020.10,CDM_CD1020_13
,CrefloDollar/2020/2020.10,CDM_CD1020_14
,CrefloDollar/2020/2020.10,CDM_CD1020_15
,CrefloDollar/2020/2020.10,CDM_CD1020_16
,CrefloDollar/2020/2020.10,CDM_CW1020_18
,CrefloDollar/2019.12,CDM_CW1219_01
,CrefloDollar/2020/2020.10,CDM_CW1020_25
,CrefloDollar/2020/2020.11,CDM_CW1120_08
,CrefloDollar/2020/2020.11,CDM_CD1120_26
,CrefloDollar/2020/2020.12,CDM_CW1220_06
,CrefloDollar/2020/2020.12,CDM_CW1220_13
,CrefloDollar/2020/2020.12,CDM_CD1220_21
,CrefloDollar/2020/2020.12,CDM_CD1220_23
,CrefloDollar/2020/2020.12,CDM_CD1220_24
,CrefloDollar/2020/2020.12,CDM_CD1220_28
,CrefloDollar/2020/2020.12,CDM_CD1220_29
,CrefloDollar/2020/2020.12,CDM_CD1220_30
,CrefloDollar/2020/2020.12,CDM_CD1220_31
,CrefloDollar/2021/2021.01,CDM_CW0121_03
,CrefloDollar/2020/2020.12,CDM_CW1220_20
,CrefloDollar/2020/2020.12,CDM_CW1220_27
,CrefloDollar/2020/2020.12,CDM_CD1220_22
,CrefloDollar/2020/2020.12,CDM_CD1220_18
,CrefloDollar/2020/2020.12,CDM_CD1220_17
16259,GaitherHomecoming,TGHH_BEST_OF_SANDI_PATTY_SINGLE
16704,GaitherHomecoming,TGHH_BEST_OF_THE_BOOTH_BROTHERS
17317,GaitherHomecoming,TGHH_GVB_REUNITED_LIVE_2020
17764,GaitherHomecoming,TGHH_BRADLEY_WALKER_OLD_FASHIONED
18642,GaitherHomecoming,TGHH_BEST_OF_THE_BOOTH_BROTHERS
,JoyceMeyer/2022/2022.11,JMMEEL_1521_CAN_2_11082022cc_Legalized_V4
19799,GaitherHomecoming,TGHH_BEST_OF_THE_BOOTH_BROTHERS
,GaitherHomecoming,TGHH_WHITNEY_I_GO_ROCK_nocc
,CrefloDollar/2023/2023.04,CDM_CD0423_11
,CrefloDollar/2023/2023.04,CDM_CD0423_13
,CrefloDollar/2023/2023.04,CDM_CD0423_17
22030,GaitherHomecoming,TGHH_GEORGE_BEVERLY_SHEA_THEN_SINGS_MY_SOUL
,CrefloDollar/2023/2023.06,CDM_CD0623_02
22643,GaitherHomecoming,TGHH_BEST_OF_SANDI_PATTY_SINGLE
,CrefloDollar/2023/2023.08,CDM_CD0823_15
,CrefloDollar/2023/2023.08,CDM_CD0823_16
23049,GaitherHomecoming,TGHH_BEST_OF_THE_BOOTH_BROTHERS
23974,GaitherHomecoming,TGHH_GVB_LETS_JUST_PRIASE
25223,GaitherHomecoming,TGHH_BEST_OF_THE_BOOTH_BROTHERS
25282,GaitherHomecoming,TGHH_GEORGE_BEVERLY_SHEA_THEN_SINGS_MY_SOUL
,CrefloDollar/2024/2024.01,CDM_CD0124_19
,CrefloDollar/2024/2024.01,CDM_CD0124_29
,CrefloDollar/2024/2024.01,CDM_CD0124_30
,CrefloDollar/2024/2024.01,CDM_CD0124_31
,CrefloDollar/2024/2024.04,CDM_CD0424_19
,CrefloDollar/2024/2024.04,CDM_CD0424_22
,CrefloDollar/2024/2024.04,CDM_CW0424_21
,CrefloDollar/2024/2024.04,CDM_CD0424_23
,CrefloDollar/2024/2024.04,CDM_CD0424_24
,CrefloDollar/2024/2024.04,CDM_CD0424_25
,CrefloDollar/2024/2024.04,CDM_CD0424_26
,CrefloDollar/2024/2024.04,CDM_CD0424_29
,CrefloDollar/2024/2024.04,CDM_CD0424_30
,CrefloDollar/2024/2024.05,CDM_CD0524_01
,CrefloDollar/2024/2024.04,CDM_CW0424_28
27141,GaitherHomecoming,TGHH_GEORGE_BEVERLY_SHEA_THEN_SINGS_MY_SOUL
27118,GaitherHomecoming,TGHH_BEST_OF_SANDI_PATTY_SINGLE
,AmazingFacts,AFM_EG210
27884,GaitherHomecoming,TGHH_GVB_LETS_JUST_PRIASE
,Frontier,FRNT03-03
,Frontier,FRNT03-05
,Frontier,FRNT03-07
,Frontier,FRNT03-07
29384,GaitherHomecoming,TGHH_BEST_OF_JEFF_AND_SHERRI_EASTER
29770,GaitherHomecoming,TGHH_CATHEDRALS_FAREWELL_CELEBRATION
,BetterTogether/2024,BT23-1146
,GaitherHomecoming,TGHH_GOSPEL PIONEER REUNION
,GaitherHomecoming,TGHH_GVB LOVE SONGS
,GaitherHomecoming,TGHH_DOTTIE_RAMBO_HC_FRIENDS
,GaitherHomecoming,TGHH_GVB_GOOD_THINGS_TIME
30296,MS-CopsReloaded_CPSR,MS-CPSR0002B
30297,MS-CopsReloaded_CPSR,MS-CPSR0004B
,MS-CopsReloaded_CPSR,MS-CPSR0115BR
,GaitherHomecoming,TGHH_EHSS_LIVE_IN_MEMPHIS
31080,MS-Primetime_DPPT,MS-DPPT23011
,Frontier,FRNT03-23
,GaitherHomecoming,TGHH_GEORGE B SHEA THEN SINGS
,GaitherHomecoming,TGHH_CCM UNITED
,GaitherHomecoming,TGHH_GEORGE B SHEA THEN SINGS
,Frontier,FRNT03-23
,QuickStudy_BibleDiscovery/2025/2025.01,QS_25-03-13
,MS-Primetime_DPPT,DPPT22312
31136,MS-Primetime_DPPT,MS-DPPT23016
31141,MS-Primetime_DPPT,MS-DPPT22814
31148,MS-Primetime_DPPT,MS-DPPT22019R
,GaitherHomecoming,TGHH_GOSPEL_MUSIC_JOHNNY_CASH
31371,MS-Primetime_DPPT,MS-DPPT23017
,BetterTogether/2025,BT23-1196
,GaitherHomecoming,TGHH_STATLER_BROS_FAREWELL
31620,MS-Primetime_DPPT,MS-DPPT23011
31626,MS-Primetime_DPPT,MS-DPPT22802
,TribalTrails/2025,TT_K599
,TribalTrails/2025,TT_K674
32416,MS-Primetime_DPPT,MS-DPPT23016
32421,MS-Primetime_DPPT,MS-DPPT22032
32674,MS-Primetime_DPPT,MS-DPPT22082
,MS-Primetime_DPPT,MS-DPPT22082
,TurningPoint/2025/2025.06,TPTV_062725
,MS-CopsReloaded(CPSR),MS-CPSR0039B
,MS-CopsReloaded(CPSR),MS-CPSR0176B
,MS-CopsReloaded(CPSR),MS-CPSR0056B
,MS-CopsReloaded(CPSR),MS-CPSR0178B
,MS-CopsReloaded(CPSR),MS-CPSR0057B
,MS-CopsReloaded(CPSR),MS-CPSR0065B
,MS-CopsReloaded(CPSR),MS-CPSR0064B
,MS-CopsReloaded(CPSR),MS-CPSR0050B
,MS-CopsReloaded(CPSR),MS-CPSR0052B
,MS-CopsReloaded(CPSR),MS-CPSR0184B
,MS-CopsReloaded(CPSR),MS-CPSR0060B
,MS-CopsReloaded(CPSR),MS-CPSR0188B
,MS-CopsReloaded(CPSR),MS-CPSR0076B
,MS-CopsReloaded(CPSR),MS-CPSR0069B
,MS-CopsReloaded(CPSR),MS-CPSR0192B
,TurningPoint/2025/2025.07,TPTV_070925
,TribalTrails/2024,TT_K670
,TribalTrails/2024,TT_K673
,MS-Primetime_DPPT,MS-DPPT22814R
33309,ItIsWritten/2025,IIW2024-03
,TribalTrails/2025,TT_K686
,TribalTrails/2025,TT_K682
33553,ItIsWritten/2025,IIW2024-04
,Faytene/2025,FAYS_389
,MS-Primetime_DPPT,MS-DPPT22312R
,ItsSupernatural/2025,SNTRL_1317_082525
,ItIsWritten/2025,IIW2024-10